{"1": 0.5647668393782384, "2": 0.6839378238341969, "4": 0.767579570688379, "6": 0.8216136195410807, "8": 0.8578830495928942, "10": 0.8756476683937824}